{
    "schemaVersion": 2,
    "type": "single-sprite-animated-square-textured",
    "animationTextures": [
        "path to your texture"
    ],
    "fps": "replace this with number of fps you want",
    "blend": {"type": "alpha" },
    "properties": {
        "shouldRotate": true,
        "sunSkyTint": false,
        "fade": {
            "startFadeIn": 13000,
            "endFadeIn": 13500,
            "startFadeOut": 22750,
            "endFadeOut": 23000
        }
    },
    "conditions": {},
    "decorations": {
        "showStars": false
    }
}