{
    "schemaVersion": 2,
    "type": "single-sprite-square-textured",
    "texture": "here should be path to your texture",
    "blend": {"type": "alpha" },
    "properties": {
        "shouldRotate": true,
        "sunSkyTint": false,
        "fade": {
            "startFadeIn": 12000,
            "endFadeIn": 12500,
            "startFadeOut": 12750,
            "endFadeOut": 13000
        }
    },
    "conditions": {},
    "decorations": {
        "showStars": false
    }
}