{
	"schemaVersion": 2,
	"type": "single-sprite-animated-square-textured",
	"animationTextures": [
		"fabricskyboxes:sky/skybox_1.png",
		"fabricskyboxes:sky/skybox_2.png",
		"fabricskyboxes:sky/skybox_3.png"
	],
	"fps": 1,
	"blend": {"type" : "alpha"},
	"properties": {
		"priority": 1,
		"fade": {
			"startFadeIn": 1000,
			"endFadeIn": 2000,
			"startFadeOut": 3000,
			"endFadeOut": 4000,
			"alwaysOn": true
			},
		"rotation": {
			"rotationSpeedY": 0.866,
			"static": [0.0, 0.0, 0.0],
			"axis": [0.0, -180.0, 0.0]
		},
		"transitionInDuration": 10,
		"transitionOutDuration": 15,
		"changeFog": false,
		"fogColors": {"red": 0.84, "green": 0.91, "blue": 0.97, "alpha": 1.0},
		"sunSkyTint": false,
		"inThickFog": true,
		"minAlpha": 0.0,
		"maxAlpha": 1.0
	},
	"conditions": {
		"worlds": ["minecraft:overworld"],
		"dimensions": [],
		"weather": ["clear", "rain", "thunder", "snow"],
		"biomes": [],
		"xRanges": [],
		"yRanges": [],
		"zRanges": [],
		"loop": {},
		"effects": []
	},
	"decorations": {
		"blend": {"type" : "decorations"},
		"sun": "minecraft:textures/environment/sun.png",
		"moon": "minecraft:textures/environment/moon_phases.png",
		"showSun": true,
		"showMoon": true,
		"showStars": true
	}
}