{
	"schemaVersion": 2,
	"type": "multi-texture",
	"animations": [
		{
			"texture": "fabricskyboxes:sky/animation.png",
			"uvRanges": {
				"minU": 0.416666666,
				"minV": 0.5,
				"maxU": 0.583333333,
				"maxV": 0.75
			},
			"gridColumns": 2,
			"gridRows": 3,
			"duration": 500
		}
	],
	"blend": {"type" : "alpha"},
	"properties": {
		"priority": 1,
		"fade": {
			"startFadeIn": 1000,
			"endFadeIn": 2000,
			"startFadeOut": 3000,
			"endFadeOut": 4000,
			"alwaysOn": true
			},
		"rotation": {
			"rotationSpeedY": 0.866,
			"static": [0.0, 0.0, 0.0],
			"axis": [0.0, -180.0, 0.0]
		},
		"transitionInDuration": 10,
		"transitionOutDuration": 15,
		"changeFog": false,
		"fogColors": {"red": 0.84, "green": 0.91, "blue": 0.97, "alpha": 1.0},
		"sunSkyTint": false,
		"inThickFog": true,
		"minAlpha": 0.0,
		"maxAlpha": 1.0
	},
	"conditions": {
		"worlds": ["minecraft:overworld"],
		"dimensions": [],
		"weather": ["clear", "rain", "thunder", "snow"],
		"biomes": [],
		"xRanges": [],
		"yRanges": [],
		"zRanges": [],
		"loop": {},
		"effects": []
	},
	"decorations": {
		"blend": {"type" : "decorations"},
		"sun": "minecraft:textures/environment/sun.png",
		"moon": "minecraft:textures/environment/moon_phases.png",
		"showSun": true,
		"showMoon": true,
		"showStars": true
	}
}