{
    "schemaVersion": 2,
    "type": "square-textured",
    "textures": {
        "north": "",
        "south": "",
        "east": "",
        "west": "",
        "top": "",
        "bottom": ""
      },
    "blend": {"type": "alpha" },
    "properties": {
        "shouldRotate": true,
        "sunSkyTint": false,
        "fade": {
            "startFadeIn": 23000,
            "endFadeIn": 23500,
            "startFadeOut": 23750,
            "endFadeOut": 0
        }
    },
    "conditions": {},
    "decorations": {
        "showStars": false
    }
}